<?xml version="1.0" encoding="UTF-8"?>
<!DOCTYPE suite SYSTEM "https://testng.org/testng-1.0.dtd">
<suite parallel="tests" name="Suite">
  <test thread-count="5"  name="Test">
  <parameter name="browser" value = "chrome"></parameter>
    <classes>
      <class name="com.ust.test.AddToCart"/>
     
    </classes>
  </test> <!-- Test -->
  <test thread-count="5"  name="Test2">
  <parameter name="browser" value = "edge"></parameter>
    <classes>
      <class name="com.ust.test.HeaderTest"/>    
    </classes>
  </test> <!-- Test -->
  <test thread-count="5"   name="Test3">
  <parameter name="browser" value = "edge"></parameter>
    <classes>
      <class name="com.ust.test.FooterLinkTest"/>    
    </classes>
  </test> <!-- Test -->
  
</suite> <!-- Suite -->

     